journalist_email,outlet_name,publish_date,headline,text
david.wilson@example.com,Political Review,2024-04-18,"Key Political Developments in 2024","The political landscape in 2024 is marked by significant developments and shifts. Key issues dominating the political discourse include climate change, healthcare reform, and economic inequality. Governments around the world are implementing policies to address these challenges, with varying degrees of success. International relations are also in the spotlight, with geopolitical tensions and trade negotiations shaping global dynamics. As elections approach in several countries, political parties are outlining their visions and strategies to address pressing issues. The political developments of 2024 are expected to have far-reaching implications for the future."
david.wilson@example.com,Political Review,2024-07-25,"The Impact of Social Media on Politics","Social media is playing an increasingly influential role in politics, shaping public opinion and political discourse. Platforms such as Twitter, Facebook, and Instagram are being used by politicians, activists, and citizens to share information, mobilize support, and engage in debates. Social media has the power to amplify voices, spread messages quickly, and reach a wide audience. However, it also presents challenges such as misinformation, echo chambers, and polarization. The impact of social media on politics is complex and multifaceted, with both positive and negative implications for democratic processes."
david.wilson@example.com,Political Review,2024-10-30,"The Role of Youth in Politics","Youth are playing an increasingly important role in politics, advocating for change and shaping the future. Young activists and leaders are using their voices to address issues such as climate change, social justice, and education reform. Social media and digital platforms are empowering youth to organize, mobilize, and influence public policy. Political parties and organizations are recognizing the importance of engaging with young voters and addressing their concerns. The involvement of youth in politics is driving positive change and ensuring that the voices of the next generation are heard."
david.wilson@example.com,Political Review,2025-01-15,"The Role of Media in Shaping Public Opinion","The media plays a crucial role in shaping public opinion and influencing political outcomes. News outlets, social media platforms, and online publications are key sources of information for the public. The media has the power to frame issues, set agendas, and shape narratives. However, media bias, misinformation, and sensationalism can also distort public perception and contribute to polarization. Understanding the role of media in shaping public opinion is essential for promoting informed and balanced discourse."
david.wilson@example.com,Political Review,2025-04-20,"The Impact of Political Polarization on Society","Political polarization is having a profound impact on society, affecting public discourse, governance, and social cohesion. Divisive rhetoric and ideological divides are creating tensions and conflicts within communities. The media and social media platforms are amplifying polarized views, contributing to the spread of misinformation and echo chambers. Political polarization is also affecting governance, making it challenging to achieve consensus and implement policies. Addressing political polarization requires efforts to promote dialogue, understanding, and collaboration across different perspectives."
emily.jones@example.com,Home Improvement Weekly,2024-01-10,"Top Home Improvement Trends for 2024","Home improvement trends for 2024 are all about sustainability, smart technology, and personalization. Homeowners are increasingly opting for eco-friendly materials and energy-efficient appliances to reduce their carbon footprint. Smart home technology is also on the rise, with innovations such as automated lighting, climate control, and security systems becoming more accessible. Personalization is key, with custom cabinetry, unique fixtures, and tailored design elements reflecting individual tastes and lifestyles. These trends are transforming homes into more sustainable, efficient, and personalized spaces."
emily.jones@example.com,Home Improvement Weekly,2024-03-15,"DIY Home Improvement Projects for Beginners","DIY home improvement projects are a great way for beginners to enhance their living spaces without breaking the bank. Simple projects such as painting walls, installing shelves, and updating fixtures can make a big difference. Painting is one of the easiest and most cost-effective ways to refresh a room. Installing shelves can add storage and display space, while updating fixtures such as faucets and light switches can modernize a home. With a little creativity and effort, beginners can tackle DIY projects and transform their homes into more functional and stylish spaces."
emily.jones@example.com,Home Improvement Weekly,2024-06-20,"Maximizing Space in Small Homes","Maximizing space in small homes requires creative and practical solutions. Key strategies include using multifunctional furniture, optimizing storage, and creating open layouts. Multifunctional furniture, such as sofa beds and fold-out desks, can save space and add versatility. Built-in storage solutions, such as shelves and cabinets, can help keep spaces organized and clutter-free. Open layouts create a sense of space and flow, making small homes feel larger. With thoughtful design and planning, small homes can be both functional and stylish."
emily.jones@example.com,Home Improvement Weekly,2024-09-25,"Innovative Home Design Ideas for Modern Living","Innovative home design ideas are transforming living spaces to meet the needs of modern lifestyles. Open floor plans, multifunctional furniture, and sustainable materials are some of the key trends. Open floor plans create a sense of space and flow, making homes feel larger and more connected. Multifunctional furniture, such as sofa beds and extendable tables, maximizes space and versatility. Sustainable materials, such as reclaimed wood and recycled metal, are being used to create eco-friendly and stylish interiors. These design ideas are enhancing the functionality, aesthetics, and sustainability of modern homes."
emily.jones@example.com,Home Improvement Weekly,2024-12-01,"Holiday Home Decor Ideas","Holiday home decor ideas are all about creating a festive and cozy atmosphere. Key trends include natural elements, DIY decorations, and personalized touches. Natural elements such as pinecones, greenery, and wood add a rustic and warm feel to holiday decor. DIY decorations, such as handmade ornaments and wreaths, offer a personal and creative touch. Personalized touches, such as custom stockings and family photo displays, make the holiday season special and memorable. With these decor ideas, homeowners can create a festive and inviting space for the holidays."
james.taylor@example.com,Fashion Daily,2024-06-15,"Sustainable Fashion: The New Norm","Sustainable fashion is no longer a niche market; it has become the new norm in the industry. Consumers are increasingly prioritizing ethical and eco-friendly practices when making fashion choices. Brands are responding by adopting sustainable materials, transparent supply chains, and fair labor practices. Innovations such as biodegradable fabrics, upcycled designs, and zero-waste production methods are gaining traction. The shift towards sustainability is driven by a growing awareness of the environmental and social impacts of fashion. As sustainable fashion continues to evolve, it is set to redefine the industry and inspire positive change."
james.taylor@example.com,Fashion Daily,2024-09-20,"The Influence of Streetwear on High Fashion","Streetwear is having a significant influence on high fashion, blending casual and luxury styles. Designers are incorporating elements of streetwear, such as graphic tees, hoodies, and sneakers, into their collections. This fusion of styles is creating a new aesthetic that appeals to a diverse audience. Streetwear's emphasis on individuality and self-expression is resonating with consumers, driving demand for unique and limited-edition pieces. The influence of streetwear on high fashion is reshaping the industry and challenging traditional notions of luxury."
james.taylor@example.com,Fashion Daily,2024-12-25,"The Rise of Athleisure: Fashion Meets Function","Athleisure, the trend of wearing athletic-inspired clothing for everyday activities, is on the rise. This fashion trend combines style and comfort, making it popular among consumers of all ages. Athleisure pieces such as leggings, hoodies, and sneakers are designed to be versatile, allowing wearers to transition seamlessly from workouts to casual outings. The trend is driven by a growing emphasis on health and wellness, as well as a desire for practical and stylish clothing. As athleisure continues to gain momentum, it is reshaping the fashion industry and blurring the lines between activewear and everyday wear."
james.taylor@example.com,Fashion Daily,2025-03-30,"The Impact of Technology on Fashion Design","Technology is revolutionizing fashion design, offering new tools and possibilities for creativity and innovation. Digital design software, 3D printing, and virtual reality are transforming the way designers create and present their collections. Digital design software allows for precise and efficient design processes, while 3D printing enables the creation of intricate and customized pieces. Virtual reality is providing immersive experiences for fashion shows and retail environments. The integration of technology in fashion design is pushing the boundaries of creativity and redefining the industry."
james.taylor@example.com,Fashion Daily,2025-06-05,"Spring Fashion Trends to Watch","The fashion industry is buzzing with excitement as designers unveil their spring collections. Key trends for the season include bold colors, oversized silhouettes, and sustainable fabrics. Designers are embracing vibrant hues such as electric blue, neon green, and hot pink to make a statement. Oversized blazers, wide-leg pants, and voluminous dresses are dominating the runways, offering a fresh take on classic styles. Sustainability remains a top priority, with many designers incorporating recycled materials and eco-friendly practices into their collections. Fashion enthusiasts can look forward to a season of bold, sustainable, and innovative designs."
laura.martinez@example.com,Gardeners' World,2024-05-25,"Gardening Tips for a Thriving Summer Garden","As summer approaches, gardeners are preparing to make the most of the growing season. Key tips for a thriving summer garden include proper watering, soil preparation, and pest control. Watering deeply and consistently is essential to keep plants hydrated during hot weather. Adding organic matter to the soil can improve its structure and fertility, promoting healthy plant growth. Integrated pest management techniques, such as using beneficial insects and natural repellents, can help keep pests at bay. With the right care and attention, gardeners can enjoy a bountiful and beautiful summer garden."
laura.martinez@example.com,Gardeners' World,2024-08-30,"Winter Gardening Tips for a Healthy Garden","Winter gardening requires special care and attention to ensure plants stay healthy during the colder months. Key tips for winter gardening include protecting plants from frost, maintaining soil health, and planning for spring. Using mulch and frost covers can help insulate plants and protect them from freezing temperatures. Adding compost and organic matter to the soil can improve its structure and fertility. Winter is also a good time to plan and prepare for spring planting, selecting seeds and designing garden layouts. With proper care, gardeners can keep their gardens healthy and thriving throughout the winter."
laura.martinez@example.com,Gardeners' World,2024-11-15,"Creating a Wildlife-Friendly Garden","Creating a wildlife-friendly garden involves incorporating elements that support local wildlife and biodiversity. Key features include native plants, water sources, and shelter. Native plants provide food and habitat for local wildlife, such as birds, bees, and butterflies. Water sources, such as birdbaths and ponds, offer drinking and bathing opportunities. Providing shelter, such as nesting boxes and log piles, can create safe spaces for wildlife to thrive. By creating a wildlife-friendly garden, gardeners can contribute to the conservation of local ecosystems and enjoy the beauty of nature."
laura.martinez@example.com,Gardeners' World,2025-02-20,"Sustainable Gardening Practices for a Greener Future","Sustainable gardening practices are essential for creating environmentally friendly and resilient gardens. Techniques such as composting, water conservation, and native planting can reduce the environmental impact of gardening. Composting organic waste enriches the soil and reduces the need for chemical fertilizers. Water conservation methods such as drip irrigation and rainwater harvesting can minimize water usage. Planting native species supports local ecosystems and promotes biodiversity. By adopting sustainable gardening practices, gardeners can contribute to a greener and more sustainable future."
laura.martinez@example.com,Gardeners' World,2025-05-25,"The Benefits of Community Gardening","Community gardening offers numerous benefits, including social, environmental, and health advantages. Community gardens provide a space for people to come together, share knowledge, and build relationships. They promote environmental sustainability by encouraging local food production and reducing food miles. Gardening also offers physical and mental health benefits, such as exercise, stress relief, and improved well-being. Community gardening initiatives are gaining popularity as more people recognize the value of growing food and connecting with their communities."
michael.smith@example.com,Fashion Forward,2024-02-05,"Spring Fashion Trends to Watch","The fashion industry is buzzing with excitement as designers unveil their spring collections. Key trends for the season include bold colors, oversized silhouettes, and sustainable fabrics. Designers are embracing vibrant hues such as electric blue, neon green, and hot pink to make a statement. Oversized blazers, wide-leg pants, and voluminous dresses are dominating the runways, offering a fresh take on classic styles. Sustainability remains a top priority, with many designers incorporating recycled materials and eco-friendly practices into their collections. Fashion enthusiasts can look forward to a season of bold, sustainable, and innovative designs."
michael.smith@example.com,Fashion Forward,2024-05-10,"Sustainable Fashion: The New Norm","Sustainable fashion is no longer a niche market; it has become the new norm in the industry. Consumers are increasingly prioritizing ethical and eco-friendly practices when making fashion choices. Brands are responding by adopting sustainable materials, transparent supply chains, and fair labor practices. Innovations such as biodegradable fabrics, upcycled designs, and zero-waste production methods are gaining traction. The shift towards sustainability is driven by a growing awareness of the environmental and social impacts of fashion. As sustainable fashion continues to evolve, it is set to redefine the industry and inspire positive change."
michael.smith@example.com,Fashion Forward,2024-08-15,"The Rise of Athleisure: Fashion Meets Function","Athleisure, the trend of wearing athletic-inspired clothing for everyday activities, is on the rise. This fashion trend combines style and comfort, making it popular among consumers of all ages. Athleisure pieces such as leggings, hoodies, and sneakers are designed to be versatile, allowing wearers to transition seamlessly from workouts to casual outings. The trend is driven by a growing emphasis on health and wellness, as well as a desire for practical and stylish clothing. As athleisure continues to gain momentum, it is reshaping the fashion industry and blurring the lines between activewear and everyday wear."
michael.smith@example.com,Fashion Forward,2024-11-20,"The Influence of Streetwear on High Fashion","Streetwear is having a significant influence on high fashion, blending casual and luxury styles. Designers are incorporating elements of streetwear, such as graphic tees, hoodies, and sneakers, into their collections. This fusion of styles is creating a new aesthetic that appeals to a diverse audience. Streetwear's emphasis on individuality and self-expression is resonating with consumers, driving demand for unique and limited-edition pieces. The influence of streetwear on high fashion is reshaping the industry and challenging traditional notions of luxury."
michael.smith@example.com,Fashion Forward,2025-02-25,"The Impact of Technology on Fashion Design","Technology is revolutionizing fashion design, offering new tools and possibilities for creativity and innovation. Digital design software, 3D printing, and virtual reality are transforming the way designers create and present their collections. Digital design software allows for precise and efficient design processes, while 3D printing enables the creation of intricate and customized pieces. Virtual reality is providing immersive experiences for fashion shows and retail environments. The integration of technology in fashion design is pushing the boundaries of creativity and redefining the industry."
olivia.davis@example.com,Home Living,2024-07-20,"DIY Home Improvement Projects for Beginners","DIY home improvement projects are a great way for beginners to enhance their living spaces without breaking the bank. Simple projects such as painting walls, installing shelves, and updating fixtures can make a big difference. Painting is one of the easiest and most cost-effective ways to refresh a room. Installing shelves can add storage and display space, while updating fixtures such as faucets and light switches can modernize a home. With a little creativity and effort, beginners can tackle DIY projects and transform their homes into more functional and stylish spaces."
olivia.davis@example.com,Home Living,2024-10-10,"Budget-Friendly Home Decor Ideas","Decorating your home doesn't have to be expensive. With a few budget-friendly ideas, you can give your space a fresh new look without breaking the bank. Consider repurposing old furniture with a new coat of paint, using thrift store finds to add unique touches, and incorporating DIY projects such as homemade art and decor. Simple changes like updating throw pillows, adding indoor plants, and rearranging furniture can make a big impact. These budget-friendly home decor ideas will help you create a stylish and inviting space on a budget."
olivia.davis@example.com,Home Living,2025-01-15,"Creating a Cozy Home for Winter","As the temperatures drop, creating a cozy home becomes a top priority. Key elements for a warm and inviting space include soft textiles, warm lighting, and seasonal decor. Layering blankets and throws on sofas and beds adds warmth and comfort. Using warm-toned lighting, such as string lights and candles, creates a cozy ambiance. Incorporating seasonal decor, such as wreaths, pinecones, and winter-themed accents, adds a festive touch. With these tips, you can transform your home into a cozy retreat for the winter months."
olivia.davis@example.com,Home Living,2025-04-05,"Spring Cleaning Tips for a Fresh Start","Spring is the perfect time to refresh your home with a thorough cleaning. Key tips for effective spring cleaning include decluttering, deep cleaning, and organizing. Start by decluttering each room, getting rid of items you no longer need or use. Deep clean surfaces, floors, and windows to remove dust and grime. Organize closets, cabinets, and storage areas to create a more functional and tidy space. Using natural cleaning products and fresh scents can also enhance the feeling of cleanliness. These spring cleaning tips will help you achieve a fresh and organized home."
olivia.davis@example.com,Home Living,2025-07-20,"Outdoor Living Space Ideas","Transform your outdoor space into a functional and stylish living area with these outdoor living space ideas. Consider creating different zones for dining, lounging, and entertaining. Use outdoor rugs, cushions, and lighting to add comfort and style. Incorporate plants and greenery to create a natural and inviting atmosphere. Adding features such as a fire pit, outdoor kitchen, or water feature can enhance the functionality and enjoyment of your outdoor space. With these ideas, you can create an outdoor living area that is perfect for relaxing and entertaining."
sarah.brown@example.com,Retail Insights,2024-03-12,"The Future of Retail: Experiential Shopping","The retail industry is evolving to meet the demands of modern consumers, with experiential shopping becoming a key trend. Retailers are creating immersive and interactive experiences to engage customers and enhance their shopping journeys. Pop-up shops, virtual reality try-ons, and personalized recommendations are just a few examples of how retailers are innovating. The focus is on creating memorable experiences that go beyond traditional shopping, encouraging customers to explore, interact, and connect with brands. As the retail landscape continues to change, experiential shopping is set to play a significant role in shaping the future of retail."
sarah.brown@example.com,Retail Insights,2024-06-18,"The Evolution of Retail Technology","Retail technology is evolving rapidly, transforming the way consumers shop and interact with brands. Innovations such as artificial intelligence, augmented reality, and blockchain are being integrated into retail operations. AI-powered chatbots and personalized recommendations are enhancing customer service and engagement. Augmented reality is providing immersive shopping experiences, allowing customers to visualize products in their homes. Blockchain is being used to improve supply chain transparency and security. As retail technology continues to advance, it is creating new opportunities for innovation and growth in the industry."
sarah.brown@example.com,Retail Insights,2024-09-22,"The Impact of E-commerce on Brick-and-Mortar Stores","The rise of e-commerce is having a profound impact on brick-and-mortar stores, forcing retailers to adapt and innovate. Many traditional retailers are embracing omnichannel strategies, integrating online and offline shopping experiences to meet customer expectations. Click-and-collect services, in-store digital kiosks, and personalized shopping experiences are some of the ways retailers are bridging the gap between e-commerce and physical stores. The future of retail lies in creating seamless and convenient shopping experiences that cater to the evolving needs of consumers."
sarah.brown@example.com,Retail Insights,2024-12-05,"The Role of Sustainability in Retail","Sustainability is becoming a key focus in the retail industry, with consumers increasingly demanding eco-friendly products and practices. Retailers are adopting sustainable sourcing, reducing waste, and implementing energy-efficient operations to meet these demands. Brands are also promoting transparency and ethical practices in their supply chains. The shift towards sustainability is not only driven by consumer preferences but also by regulatory requirements and corporate social responsibility. As sustainability becomes a central theme in retail, it is reshaping the industry and driving positive change."
sarah.brown@example.com,Retail Insights,2025-03-10,"The Future of Retail Workforce","The retail workforce is undergoing significant changes as technology and automation reshape the industry. Retailers are investing in training and upskilling programs to equip employees with the skills needed for the future. Roles such as data analysts, digital marketers, and customer experience specialists are becoming increasingly important. Automation is also transforming tasks such as inventory management and checkout processes, allowing employees to focus on more value-added activities. The future of the retail workforce lies in a combination of human expertise and technological innovation."
olivia.thompson@example.com,Social Issues Today,2024-01-20,"Addressing Homelessness: Innovative Solutions","Homelessness remains a pressing social issue, but innovative solutions are emerging to address it. Cities are implementing programs such as tiny home villages, supportive housing, and mobile health clinics to provide shelter and services to the homeless population. Non-profit organizations are also playing a crucial role, offering job training, mental health support, and addiction recovery programs. Collaboration between government, non-profits, and communities is essential to create sustainable solutions and help individuals transition out of homelessness."
olivia.thompson@example.com,Social Issues Today,2024-04-15,"The Fight for Gender Equality","Gender equality continues to be a significant social issue, with ongoing efforts to close the gender gap in various sectors. Advocacy groups are pushing for equal pay, representation in leadership positions, and access to education and healthcare for women and girls. Legislative changes, corporate policies, and public awareness campaigns are contributing to progress. However, challenges remain, and continued efforts are needed to achieve true gender equality. Empowering women and girls is not only a matter of justice but also essential for social and economic development."
olivia.thompson@example.com,Social Issues Today,2024-07-10,"Mental Health Awareness and Support","Mental health awareness is gaining momentum, with increasing recognition of the importance of mental well-being. Efforts to reduce stigma, improve access to mental health services, and promote self-care are making a difference. Schools, workplaces, and communities are implementing programs to support mental health, such as counseling services, mental health education, and peer support groups. Public figures and influencers are also speaking out about their mental health experiences, encouraging others to seek help. Building a supportive environment for mental health is crucial for overall well-being and quality of life."
olivia.thompson@example.com,Social Issues Today,2024-10-05,"Combating Racial Injustice","Racial injustice remains a critical social issue, with ongoing efforts to address systemic racism and promote equality. Activists and organizations are advocating for police reform, criminal justice reform, and equitable access to education, healthcare, and employment. Public awareness campaigns, community initiatives, and policy changes are contributing to progress. However, achieving racial justice requires sustained efforts and a commitment to addressing the root causes of inequality. Building an inclusive and equitable society benefits everyone and strengthens communities."
olivia.thompson@example.com,Social Issues Today,2025-01-30,"Supporting LGBTQ+ Rights","The fight for LGBTQ+ rights continues, with significant strides being made in many parts of the world. Advocacy groups are working to secure legal protections, combat discrimination, and promote acceptance and inclusion. Efforts to support LGBTQ+ youth, such as providing safe spaces, mental health resources, and educational programs, are particularly important. Public awareness campaigns and visibility of LGBTQ+ individuals in media and culture are also helping to change attitudes and reduce stigma. Supporting LGBTQ+ rights is essential for creating a just and inclusive society."
erik.svensson@example.com,Detaljhandel Nyheter,2024-02-10,"Ny butik öppnar i Umeå centrum","En ny butik har öppnat i Umeå centrum och erbjuder ett brett utbud av lokala och internationella produkter. Butiken, som ligger på Storgatan, har redan blivit en favorit bland lokalbefolkningen. Med sitt fokus på hållbarhet och kvalitet, strävar butiken efter att erbjuda en unik shoppingupplevelse. Invigningen lockade många besökare och butiken planerar att hålla regelbundna evenemang och kampanjer för att engagera kunderna."
erik.svensson@example.com,Detaljhandel Nyheter,2024-05-15,"Ekologisk matbutik öppnar i Luleå","En ny ekologisk matbutik har öppnat i Luleå och erbjuder ett brett sortiment av ekologiska och närproducerade varor. Butiken, som ligger i hjärtat av staden, har som mål att främja hållbar konsumtion och stödja lokala producenter. Kunderna kan hitta allt från färska grönsaker och frukter till ekologiska mejeriprodukter och bakverk. Butiken planerar också att hålla workshops och föreläsningar om hållbar livsstil."
erik.svensson@example.com,Detaljhandel Nyheter,2024-08-20,"Ny sportbutik öppnar i Kiruna","En ny sportbutik har öppnat i Kiruna och erbjuder ett brett utbud av sportutrustning och kläder för alla åldrar. Butiken, som ligger nära stadens centrum, har specialiserat sig på utrustning för vinter- och friluftssporter. Med sitt breda sortiment och kunniga personal, strävar butiken efter att bli den främsta destinationen för sportentusiaster i regionen. Invigningen lockade många besökare och butiken planerar att hålla regelbundna evenemang och tävlingar."
erik.svensson@example.com,Detaljhandel Nyheter,2024-11-05,"Ny bokhandel öppnar i Skellefteå","En ny bokhandel har öppnat i Skellefteå och erbjuder ett brett utbud av böcker, tidningar och kontorsmaterial. Butiken, som ligger på gågatan, har som mål att bli en kulturell mötesplats för stadens invånare. Förutom sitt breda sortiment, planerar bokhandeln att hålla författarbesök, boksigneringar och läsecirklar. Invigningen lockade många bokälskare och butiken har redan blivit en populär destination för litteraturintresserade."
erik.svensson@example.com,Detaljhandel Nyheter,2025-02-25,"Ny modebutik öppnar i Örnsköldsvik","En ny modebutik har öppnat i Örnsköldsvik och erbjuder ett brett utbud av kläder och accessoarer för både män och kvinnor. Butiken, som ligger i stadens centrum, har fokus på hållbart mode och erbjuder produkter från både lokala och internationella designers. Med sitt moderna och stilrena koncept, strävar butiken efter att erbjuda en unik shoppingupplevelse. Invigningen lockade många modeintresserade och butiken planerar att hålla regelbundna modevisningar och event."
anna.mueller@example.com,Lokale Nachrichten,2024-03-01,"Neue Grundschule in München eröffnet","Eine neue Grundschule hat in München eröffnet, um dem wachsenden Bedarf an Schulplätzen gerecht zu werden. Die moderne Einrichtung bietet großzügige Klassenzimmer, eine gut ausgestattete Bibliothek und moderne Sportanlagen. Die Schulleitung betont die Bedeutung von individueller Förderung und digitalem Lernen. Eltern und Schüler sind begeistert von den neuen Möglichkeiten, die die Schule bietet. Die Eröffnung wurde mit einer feierlichen Zeremonie und zahlreichen Gästen gefeiert."
anna.mueller@example.com,Lokale Nachrichten,2024-06-15,"Neuer Supermarkt in Hamburg eröffnet","Ein neuer Supermarkt hat in Hamburg seine Türen geöffnet und bietet eine breite Palette an frischen und regionalen Produkten. Der Supermarkt legt großen Wert auf Nachhaltigkeit und bietet zahlreiche Bio-Produkte sowie umweltfreundliche Verpackungen an. Die Eröffnung lockte viele Kunden an, die von den Angeboten und der Qualität der Produkte begeistert waren. Der Supermarkt plant regelmäßige Aktionen und Verkostungen, um die Kundenbindung zu stärken."
anna.mueller@example.com,Lokale Nachrichten,2024-09-10,"Schulsanierung in Frankfurt abgeschlossen","Die umfassende Sanierung einer weiterführenden Schule in Frankfurt wurde erfolgreich abgeschlossen. Die Schule wurde mit modernen Klassenzimmern, neuen Laboren und einer verbesserten IT-Infrastruktur ausgestattet. Die Schulleitung und die Stadtverwaltung betonen die Bedeutung der Investition in die Bildung und die Schaffung einer optimalen Lernumgebung. Schüler und Lehrer freuen sich über die verbesserten Bedingungen und die neuen Möglichkeiten, die die renovierte Schule bietet."
anna.mueller@example.com,Lokale Nachrichten,2024-12-05,"Neues Einkaufszentrum in Berlin eröffnet","Ein neues Einkaufszentrum hat in Berlin eröffnet und bietet eine Vielzahl von Geschäften, Restaurants und Unterhaltungsmöglichkeiten. Das Einkaufszentrum ist modern gestaltet und bietet eine angenehme Atmosphäre für Besucher. Die Eröffnung zog viele Menschen an, die die neuen Einkaufsmöglichkeiten und das vielfältige Angebot erkunden wollten. Das Einkaufszentrum plant regelmäßige Veranstaltungen und Sonderaktionen, um die Attraktivität für die Besucher zu erhöhen."
anna.mueller@example.com,Lokale Nachrichten,2025-03-20,"Initiative zur Verbesserung der Schulverpflegung in Köln","Eine neue Initiative zur Verbesserung der Schulverpflegung wurde in Köln gestartet. Ziel ist es, gesunde und ausgewogene Mahlzeiten für Schüler anzubieten. Die Initiative umfasst die Einführung von Bio-Produkten, die Reduzierung von Zucker und Fett sowie die Förderung von regionalen und saisonalen Lebensmitteln. Schulen, Eltern und Schüler sind eingeladen, sich aktiv an der Gestaltung des Verpflegungsangebots zu beteiligen. Die Initiative wird von der Stadtverwaltung und lokalen Unternehmen unterstützt."